ticker,token_symbol,platform,contract,size_usdt,market_open,market_status,token_price,reference_price,divergence_pct,status,buy_error_code,buy_error_msg,exit_error_code,exit_error_msg,buy_vendor,sell_vendor,buy_price_impact,sell_price_impact,recovered_usdt,quoted_roundtrip_loss_pct,anomalies
NVDA,NVDAon,ondo,0xa9ee28c80f960b889dfbd1902055218cba016f75,100,True,postmarket,214.822843680543992559,214.455,0.1715248795989800,OK,,,,,LiquidMesh,LiquidMesh,0.0107663862,0.0001270705,97.912680175321530368,2.08731982467846963200,HIGH_ROUNDTRIP_COST
NVDA,NVDAon,ondo,0xa9ee28c80f960b889dfbd1902055218cba016f75,500,True,postmarket,214.822843680543992559,214.455,0.1715248795989800,OK,,,,,LiquidMesh,LiquidMesh,0.0138223253,0.0000428924,488.03064336518455296,2.39387132696308940800,HIGH_ROUNDTRIP_COST
NVDA,NVDAon,ondo,0xa9ee28c80f960b889dfbd1902055218cba016f75,1000,True,postmarket,214.822843680543992559,214.455,0.1715248795989800,OK,,,,,LiquidMesh,LiquidMesh,0.0176158116,0.0000875540,972.280893540444864512,2.771910645955513548800,HIGH_ROUNDTRIP_COST
NVDA,NVDAon,ondo,0xa9ee28c80f960b889dfbd1902055218cba016f75,3000,True,postmarket,214.822843680543992559,214.455,0.1715248795989800,OK,,,,,LiquidMesh,LiquidMesh,0.0325023388,0.0003012061,2872.109786854790982666,4.263007104840300577800,HIGH_ROUNDTRIP_COST
NVDA,NVDAB,bstock,0x02fca66c1d1afb4e2a7884261eb00f63598a7436,100,True,,214.64000000,214.473092,0.0778223498544982976232748115553815021233526115200,OK,,,,,LiquidMesh,LiquidMesh,0.0005370007,0.0005299441,99.990900428465382149,0.00909957153461785100,NORMAL
NVDA,NVDAB,bstock,0x02fca66c1d1afb4e2a7884261eb00f63598a7436,500,True,,214.64000000,214.473092,0.0778223498544982976232748115553815021233526115200,OK,,,,,LiquidMesh,LiquidMesh,0.0005517828,0.0000000000,499.928022371639099392,0.014395525672180121600,NORMAL
NVDA,NVDAB,bstock,0x02fca66c1d1afb4e2a7884261eb00f63598a7436,1000,True,,214.64000000,214.473092,0.0778223498544982976232748115553815021233526115200,OK,,,,,LiquidMesh,LiquidMesh,0.0002174698,-0.0000000000,999.800220572686221312,0.019977942731377868800,NORMAL
NVDA,NVDAB,bstock,0x02fca66c1d1afb4e2a7884261eb00f63598a7436,3000,True,,214.64000000,214.473092,0.0778223498544982976232748115553815021233526115200,OK,,,,,LiquidMesh,LiquidMesh,0.0000549753,-0.0000000000,2999.15600877584908288,0.028133040805030570666666666666666666666666666666667,NORMAL
TSLA,TSLAB,bstock,0x5b1910eaad6450e50f816082aa078c41f10c292f,100,True,,358.46000000,358.46,0.000000,OK,,,,,LiquidMesh,LiquidMesh,0.0000000000,0.0000000000,99.975167845598761576,0.02483215440123842400,NORMAL
TSLA,TSLAB,bstock,0x5b1910eaad6450e50f816082aa078c41f10c292f,500,True,,358.46000000,358.46,0.000000,OK,,,,,LiquidMesh,LiquidMesh,-0.0000000000,-0.0000000000,499.873988195179038016,0.025202360964192396800,NORMAL
TSLA,TSLAB,bstock,0x5b1910eaad6450e50f816082aa078c41f10c292f,1000,True,,358.46000000,358.46,0.000000,OK,,,,,LiquidMesh,LiquidMesh,-0.0000000000,-0.0000000000,999.7487905240584496,0.0251209475941550400,NORMAL
TSLA,TSLAB,bstock,0x5b1910eaad6450e50f816082aa078c41f10c292f,3000,True,,358.46000000,358.46,0.000000,OK,,,,,LiquidMesh,LiquidMesh,-0.0000000000,0.0000000000,2999.315884134521638656,0.022803862182612044800,NORMAL
TSLA,TSLAon,ondo,0x2494b603319d4d9f9715c9f4496d9e0364b59d93,100,True,postmarket,358.208333,358.208333,0,OK,,,,,LiquidMesh,LiquidMesh,-0.0000000000,-0.0000000000,99.796575244470730752,0.20342475552926924800,NORMAL
TSLA,TSLAon,ondo,0x2494b603319d4d9f9715c9f4496d9e0364b59d93,500,True,postmarket,358.208333,358.208333,0,OK,,,,,LiquidMesh,LiquidMesh,0.0000000000,0.0000000000,498.968788272208412672,0.206242345558317465600,NORMAL
TSLA,TSLAon,ondo,0x2494b603319d4d9f9715c9f4496d9e0364b59d93,1000,True,postmarket,358.208333,358.208333,0,OK,,,,,LiquidMesh,LiquidMesh,-0.0000000000,0.0000000000,997.963583275036704768,0.203641672496329523200,NORMAL
TSLA,TSLAon,ondo,0x2494b603319d4d9f9715c9f4496d9e0364b59d93,3000,True,postmarket,358.208333,358.208333,0,OK,,,,,LiquidMesh,LiquidMesh,-0.0000000000,0.0000000000,2993.888986782623072256,0.203700440579230924800,NORMAL
AAPL,AAPLon,ondo,0x390a684ef9cade28a7ad0dfa61ab1eb3842618c4,100,True,postmarket,333.664686313720591069,332.542,0.3376073740221057998688887418732069934023371483900,OK,,,,,LiquidMesh,LiquidMesh,-0.0000000000,-0.0000000000,100.008876442978461792,-0.00887644297846179200,NORMAL
AAPL,AAPLon,ondo,0x390a684ef9cade28a7ad0dfa61ab1eb3842618c4,500,True,postmarket,333.664686313720591069,332.542,0.3376073740221057998688887418732069934023371483900,OK,,,,,LiquidMesh,LiquidMesh,-0.0000000000,-0.0000000000,500.0443822148923232,-0.0088764429784646400,NORMAL
AAPL,AAPLon,ondo,0x390a684ef9cade28a7ad0dfa61ab1eb3842618c4,1000,True,postmarket,333.664686313720591069,332.542,0.3376073740221057998688887418732069934023371483900,OK,,,,,LiquidMesh,LiquidMesh,-0.0000000000,-0.0000000000,1000.0887644297846464,-0.0088764429784646400,NORMAL
AAPL,AAPLon,ondo,0x390a684ef9cade28a7ad0dfa61ab1eb3842618c4,3000,True,postmarket,333.664686313720591069,332.542,0.3376073740221057998688887418732069934023371483900,OK,,,,,LiquidMesh,LiquidMesh,0.0000000000,-0.0000000000,3000.266293289353598208,-0.008876442978453273600,NORMAL
MSFT,MSFTB,bstock,0x80106cb3ead06659a5ad19df39d9b4733863b9b0,100,True,,490.81000000,490.165939,0.1313965228416248645134846874784581880137534403400,OK,,,,,LiquidMesh,LiquidMesh,0.0025235863,-0.0000000000,99.738586511882715512,0.26141348811728448800,NORMAL
MSFT,MSFTB,bstock,0x80106cb3ead06659a5ad19df39d9b4733863b9b0,500,True,,490.81000000,490.165939,0.1313965228416248645134846874784581880137534403400,OK,,,,,LiquidMesh,LiquidMesh,0.0020765896,0.0000000000,498.649494804968696832,0.270101039006260633600,NORMAL
MSFT,MSFTB,bstock,0x80106cb3ead06659a5ad19df39d9b4733863b9b0,1000,True,,490.81000000,490.165939,0.1313965228416248645134846874784581880137534403400,OK,,,,,LiquidMesh,LiquidMesh,0.0010394095,0.0000000000,997.160914043840648448,0.283908595615935155200,NORMAL
MSFT,MSFTB,bstock,0x80106cb3ead06659a5ad19df39d9b4733863b9b0,3000,True,,490.81000000,490.165939,0.1313965228416248645134846874784581880137534403400,OK,,,,,LiquidMesh,LiquidMesh,0.0003377460,-0.0000000000,2992.81325320806035968,0.23955822639798801066666666666666666666666666666667,NORMAL
MSFT,MSFTon,ondo,0x6bfe75d1ad432050ea973c3a3dcd88f02e2444c3,100,True,postmarket,493.470530426124548089,490.658636,0.5730856892783903000537424556815504618979130737200,OK,,,,,LiquidMesh,LiquidMesh,-0.0000000000,-0.0000000000,100.029436716218086192,-0.02943671621808619200,NORMAL
MSFT,MSFTon,ondo,0x6bfe75d1ad432050ea973c3a3dcd88f02e2444c3,500,True,postmarket,493.470530426124548089,490.658636,0.5730856892783903000537424556815504618979130737200,OK,,,,,LiquidMesh,LiquidMesh,-0.0000000000,-0.0000000000,500.147183581090473568,-0.029436716218094713600,NORMAL
MSFT,MSFTon,ondo,0x6bfe75d1ad432050ea973c3a3dcd88f02e2444c3,1000,True,postmarket,493.470530426124548089,490.658636,0.5730856892783903000537424556815504618979130737200,OK,,,,,LiquidMesh,LiquidMesh,-0.0000000000,-0.0000000000,1000.294367162180947136,-0.029436716218094713600,NORMAL
MSFT,MSFTon,ondo,0x6bfe75d1ad432050ea973c3a3dcd88f02e2444c3,3000,True,postmarket,493.470530426124548089,490.658636,0.5730856892783903000537424556815504618979130737200,OK,,,,,LiquidMesh,LiquidMesh,-0.0000000000,0.0000000000,3000.883101486542273024,-0.029436716218075767466666666666666666666666666666667,NORMAL
AMZN,AMZNon,ondo,0x4553cfe1c09f37f38b12dc509f676964e392f8fc,100,True,postmarket,246.16,246.16,0,OK,,,,,LiquidMesh,LiquidMesh,0.0000000000,0.0000000000,100.031565328997373856,-0.03156532899737385600,NORMAL
AMZN,AMZNon,ondo,0x4553cfe1c09f37f38b12dc509f676964e392f8fc,500,True,postmarket,246.16,246.16,0,OK,,,,,LiquidMesh,LiquidMesh,-0.0000000000,0.0000000000,500.157826644986982944,-0.031565328997396588800,NORMAL
AMZN,AMZNon,ondo,0x4553cfe1c09f37f38b12dc509f676964e392f8fc,1000,True,postmarket,246.16,246.16,0,OK,,,,,LiquidMesh,LiquidMesh,-0.0000000000,0.0000000000,1000.315653289973965888,-0.031565328997396588800,NORMAL
AMZN,AMZNon,ondo,0x4553cfe1c09f37f38b12dc509f676964e392f8fc,3000,True,postmarket,246.16,246.16,0,OK,,,,,LiquidMesh,LiquidMesh,-0.0000000000,0.0000000000,3000.946959869921556736,-0.031565328997385224533333333333333333333333333333333,NORMAL
META,METAB,bstock,0x7425889fe94f9d693e8daefe88bcced6acfef4c0,100,True,,674.68000000,674.68,0.000000,OK,,,,,LiquidMesh,LiquidMesh,0.0000000000,-0.0000000000,99.978769207933339656,0.02123079206666034400,NORMAL
META,METAB,bstock,0x7425889fe94f9d693e8daefe88bcced6acfef4c0,500,True,,674.68000000,674.68,0.000000,OK,,,,,LiquidMesh,LiquidMesh,-0.0000000000,0.0000000000,499.89478695006613408,0.02104260998677318400,NORMAL
META,METAB,bstock,0x7425889fe94f9d693e8daefe88bcced6acfef4c0,1000,True,,674.68000000,674.68,0.000000,OK,,,,,LiquidMesh,LiquidMesh,0.0000000000,0.0000000000,999.805778432267516096,0.019422156773248390400,NORMAL
META,METAB,bstock,0x7425889fe94f9d693e8daefe88bcced6acfef4c0,3000,True,,674.68000000,674.68,0.000000,OK,,,,,LiquidMesh,LiquidMesh,-0.0000000000,-0.0000000000,2999.321541684911608064,0.022615277169613064533333333333333333333333333333333,NORMAL
META,METAon,ondo,0xd7df5863a3e742f0c767768cdfcb63f09e0422f6,100,True,postmarket,676.125458026019952819,674.588,0.2279106693300137000658179511049707376947114386900,OK,,,,,LiquidMesh,LiquidMesh,-0.0000000000,0.0000000000,99.988841040391221784,0.01115895960877821600,NORMAL
META,METAon,ondo,0xd7df5863a3e742f0c767768cdfcb63f09e0422f6,500,True,postmarket,676.125458026019952819,674.588,0.2279106693300137000658179511049707376947114386900,OK,,,,,LiquidMesh,LiquidMesh,-0.0000000000,-0.0000000000,499.944205201956208384,0.011158959608758323200,NORMAL
META,METAon,ondo,0xd7df5863a3e742f0c767768cdfcb63f09e0422f6,1000,True,postmarket,676.125458026019952819,674.588,0.2279106693300137000658179511049707376947114386900,OK,,,,,LiquidMesh,LiquidMesh,-0.0000000000,-0.0000000000,999.888410403912416768,0.011158959608758323200,NORMAL
META,METAon,ondo,0xd7df5863a3e742f0c767768cdfcb63f09e0422f6,3000,True,postmarket,676.125458026019952819,674.588,0.2279106693300137000658179511049707376947114386900,OK,,,,,LiquidMesh,LiquidMesh,-0.0000000000,0.0000000000,2999.665231211736681984,0.011158959608777267200,NORMAL
GOOGL,GOOGLB,bstock,0x3f53de71c126bdabae20f9cd64848d317f6c3238,100,True,,343.63000000,343.465803,0.0478059237821705353298302014655007735952100011500,OK,,,,,LiquidMesh,LiquidMesh,0.0004041764,-0.0000000000,100.004421811022169208,-0.00442181102216920800,NORMAL
GOOGL,GOOGLB,bstock,0x3f53de71c126bdabae20f9cd64848d317f6c3238,500,True,,343.63000000,343.465803,0.0478059237821705353298302014655007735952100011500,OK,,,,,LiquidMesh,LiquidMesh,0.0004488797,0.0000000000,499.999258021880564224,0.000148395623887155200,NORMAL
GOOGL,GOOGLB,bstock,0x3f53de71c126bdabae20f9cd64848d317f6c3238,1000,True,,343.63000000,343.465803,0.0478059237821705353298302014655007735952100011500,OK,,,,,LiquidMesh,LiquidMesh,0.0005047532,0.0000000000,999.929059498324590976,0.007094050167540902400,NORMAL
GOOGL,GOOGLB,bstock,0x3f53de71c126bdabae20f9cd64848d317f6c3238,3000,True,,343.63000000,343.465803,0.0478059237821705353298302014655007735952100011500,OK,,,,,LiquidMesh,LiquidMesh,0.0005453418,-0.0000000000,2999.231647451594653952,0.025611751613511534933333333333333333333333333333333,NORMAL
GOOGL,GOOGLon,ondo,0x091fc7778e6932d4009b087b191d1ee3bac5729a,100,True,postmarket,344.074457911766887472,343.23,0.2460326637435211001369344171546776214200390408800,OK,,,,,LiquidMesh,LiquidMesh,-0.0000000000,-0.0000000000,100.033789977507979072,-0.03378997750797907200,NORMAL
GOOGL,GOOGLon,ondo,0x091fc7778e6932d4009b087b191d1ee3bac5729a,500,True,postmarket,344.074457911766887472,343.23,0.2460326637435211001369344171546776214200390408800,OK,,,,,LiquidMesh,LiquidMesh,-0.0000000000,0.0000000000,500.168949887539838528,-0.033789977507967705600,NORMAL
GOOGL,GOOGLon,ondo,0x091fc7778e6932d4009b087b191d1ee3bac5729a,1000,True,postmarket,344.074457911766887472,343.23,0.2460326637435211001369344171546776214200390408800,OK,,,,,LiquidMesh,LiquidMesh,-0.0000000000,0.0000000000,1000.337899775079677056,-0.033789977507967705600,NORMAL
GOOGL,GOOGLon,ondo,0x091fc7778e6932d4009b087b191d1ee3bac5729a,3000,True,postmarket,344.074457911766887472,343.23,0.2460326637435211001369344171546776214200390408800,OK,,,,,LiquidMesh,LiquidMesh,0.0000000000,-0.0000000000,3001.013699325239031296,-0.033789977507967709866666666666666666666666666666667,NORMAL
AMD,AMDB,bstock,0x75fd4cf6f8392e41e70391d60c90c0d5211603a1,100,True,,513.37000000,513.37,0.000000,OK,,,,,LiquidMesh,LiquidMesh,0.0000000000,0.0000000000,99.813021260658715048,0.18697873934128495200,NORMAL
AMD,AMDB,bstock,0x75fd4cf6f8392e41e70391d60c90c0d5211603a1,500,True,,513.37000000,513.37,0.000000,OK,,,,,LiquidMesh,LiquidMesh,-0.0000000000,-0.0000000000,499.067344325442434176,0.186531134911513164800,NORMAL
AMD,AMDB,bstock,0x75fd4cf6f8392e41e70391d60c90c0d5211603a1,1000,True,,513.37000000,513.37,0.000000,OK,,,,,LiquidMesh,LiquidMesh,-0.0000000000,0.0000000000,998.128979864116104192,0.187102013588389580800,NORMAL
AMD,AMDB,bstock,0x75fd4cf6f8392e41e70391d60c90c0d5211603a1,3000,True,,513.37000000,513.37,0.000000,OK,,,,,LiquidMesh,LiquidMesh,-0.0000000000,0.0000000000,2994.404249136145608704,0.18652502879514637653333333333333333333333333333333,NORMAL
AMD,AMDon,ondo,0x9f16e46c73b43bdb70861247d537bee4ea18f639,100,True,postmarket,512.733333,512.733333,0,OK,,,,,LiquidMesh,LiquidMesh,0.0000000000,-0.0000000000,100.001491990404915104,-0.00149199040491510400,NORMAL
AMD,AMDon,ondo,0x9f16e46c73b43bdb70861247d537bee4ea18f639,500,True,postmarket,512.733333,512.733333,0,OK,,,,,LiquidMesh,LiquidMesh,-0.0000000000,-0.0000000000,500.056231651200619136,-0.011246330240123827200,NORMAL
AMD,AMDon,ondo,0x9f16e46c73b43bdb70861247d537bee4ea18f639,1000,True,postmarket,512.733333,512.733333,0,OK,,,,,LiquidMesh,LiquidMesh,-0.0000000000,0.0000000000,1000.014919904049179392,-0.001491990404917939200,NORMAL
AMD,AMDon,ondo,0x9f16e46c73b43bdb70861247d537bee4ea18f639,3000,True,postmarket,512.733333,512.733333,0,OK,,,,,LiquidMesh,LiquidMesh,0.0000000000,0.0000000000,3000.044759712147424512,-0.001491990404914150400,NORMAL
AXTI,AXTIB,bstock,0x9bdc8b470dbf89dbcb123587c6f5e49cca3463be,100,True,,64.80000000,64.8,0E-7,NO_BUY_ROUTE,40374,Insufficient liquidity for a quote. Please decrease the transaction amount or try again later.,,,,,,,,,ENTRY_INSUFFICIENT_LIQUIDITY
AXTI,AXTIB,bstock,0x9bdc8b470dbf89dbcb123587c6f5e49cca3463be,500,True,,64.80000000,64.8,0E-7,OK,,,,,LiquidMesh,LiquidMesh,0.0000000000,-0.0000000000,497.4041146016941184,0.5191770796611763200,HIGH_ROUNDTRIP_COST
AXTI,AXTIB,bstock,0x9bdc8b470dbf89dbcb123587c6f5e49cca3463be,1000,True,,64.80000000,64.8,0E-7,OK,,,,,LiquidMesh,LiquidMesh,-0.0000000000,-0.0000000000,994.830505893395752512,0.516949410660424748800,HIGH_ROUNDTRIP_COST
AXTI,AXTIB,bstock,0x9bdc8b470dbf89dbcb123587c6f5e49cca3463be,3000,True,,64.80000000,64.8,0E-7,OK,,,,,LiquidMesh,LiquidMesh,0.0000000000,0.0000000000,2984.744536335726479616,0.508515455475784012800,HIGH_ROUNDTRIP_COST
AXTI,AXTIon,ondo,0x0c50323af81d5c33822c6add256fb9093d42bc74,100,True,postmarket,64.78,64.78,0,OK,,,,,LiquidMesh,LiquidMesh,-0.0000000000,0.0000000000,99.874778872311281928,0.12522112768871807200,NORMAL
AXTI,AXTIon,ondo,0x0c50323af81d5c33822c6add256fb9093d42bc74,500,True,postmarket,64.78,64.78,0,OK,,,,,LiquidMesh,LiquidMesh,0.0000000000,-0.0000000000,499.373894361556381216,0.125221127688723756800,NORMAL
AXTI,AXTIon,ondo,0x0c50323af81d5c33822c6add256fb9093d42bc74,1000,True,postmarket,64.78,64.78,0,OK,,,,,LiquidMesh,LiquidMesh,-0.0000000000,-0.0000000000,998.285761989702109504,0.171423801029789049600,NORMAL
AXTI,AXTIon,ondo,0x0c50323af81d5c33822c6add256fb9093d42bc74,3000,True,postmarket,64.78,64.78,0,OK,,,,,LiquidMesh,LiquidMesh,0.0000000000,0.0000000000,2995.319170189643955456,0.156027660345201484800,NORMAL
CRCL,CRCLB,bstock,0x80f3d493ebce97e343c53d29a137942416b4ffc0,100,True,,81.16000000,81.16,0.000000,OK,,,,,LiquidMesh,LiquidMesh,-0.0000000000,0.0000000000,99.821837836051038208,0.17816216394896179200,NORMAL
CRCL,CRCLB,bstock,0x80f3d493ebce97e343c53d29a137942416b4ffc0,500,True,,81.16000000,81.16,0.000000,OK,,,,,LiquidMesh,LiquidMesh,-0.0000000000,-0.0000000000,499.109189180255174656,0.178162163948965068800,NORMAL
CRCL,CRCLB,bstock,0x80f3d493ebce97e343c53d29a137942416b4ffc0,1000,True,,81.16000000,81.16,0.000000,OK,,,,,LiquidMesh,LiquidMesh,0.0000000000,0.0000000000,998.230325319024246784,0.176967468097575321600,NORMAL
CRCL,CRCLB,bstock,0x80f3d493ebce97e343c53d29a137942416b4ffc0,3000,True,,81.16000000,81.16,0.000000,OK,,,,,LiquidMesh,LiquidMesh,0.0000000000,0.0000000000,2994.36095309543374848,0.18796823015220838400,NORMAL
CRCL,CRCLon,ondo,0x992879cd8ce0c312d98648875b5a8d6d042cbf34,100,True,postmarket,81.005,81.005,0,OK,,,,,LiquidMesh,LiquidMesh,-0.0000000000,0.0000000000,99.925925925925923824,0.07407407407407617600,NORMAL
CRCL,CRCLon,ondo,0x992879cd8ce0c312d98648875b5a8d6d042cbf34,500,True,postmarket,81.005,81.005,0,OK,,,,,LiquidMesh,LiquidMesh,-0.0000000000,-0.0000000000,499.629629629629675936,0.074074074074064812800,NORMAL
CRCL,CRCLon,ondo,0x992879cd8ce0c312d98648875b5a8d6d042cbf34,1000,True,postmarket,81.005,81.005,0,OK,,,,,LiquidMesh,LiquidMesh,-0.0000000000,-0.0000000000,999.259259259259351872,0.074074074074064812800,NORMAL
CRCL,CRCLon,ondo,0x992879cd8ce0c312d98648875b5a8d6d042cbf34,3000,True,postmarket,81.005,81.005,0,OK,,,,,LiquidMesh,LiquidMesh,-0.0000000000,0.0000000000,2997.777777777777828352,0.074074074074072388266666666666666666666666666666667,NORMAL
RKLB,RKLBB,bstock,0xc8da12cbcce7c45180692a6420b0076e03a5179a,100,True,,63.71000000,63.71,0.000000,OK,,,,,LiquidMesh,LiquidMesh,-0.0000000000,-0.0000000000,99.908734395523850936,0.09126560447614906400,NORMAL
RKLB,RKLBB,bstock,0xc8da12cbcce7c45180692a6420b0076e03a5179a,500,True,,63.71000000,63.71,0.000000,OK,,,,,LiquidMesh,LiquidMesh,0.0000000000,0.0000000000,499.543671977619169408,0.091265604476166118400,NORMAL
RKLB,RKLBB,bstock,0xc8da12cbcce7c45180692a6420b0076e03a5179a,1000,True,,63.71000000,63.71,0.000000,OK,,,,,LiquidMesh,LiquidMesh,0.0000000000,-0.0000000000,999.078641704442361536,0.092135829555763846400,NORMAL
RKLB,RKLBB,bstock,0xc8da12cbcce7c45180692a6420b0076e03a5179a,3000,True,,63.71000000,63.71,0.000000,OK,,,,,LiquidMesh,LiquidMesh,-0.0000000000,0.0000000000,2997.234271779517712384,0.092190940682742920533333333333333333333333333333333,NORMAL
RKLB,RKLBon,ondo,0xb4d695569236273745b4cd54b539b1b9cc1513af,100,True,postmarket,63.561429,63.561429,0,OK,,,,,LiquidMesh,LiquidMesh,0.0000000000,-0.0000000000,100.028572392071779976,-0.02857239207177997600,NORMAL
RKLB,RKLBon,ondo,0xb4d695569236273745b4cd54b539b1b9cc1513af,500,True,postmarket,63.561429,63.561429,0,OK,,,,,LiquidMesh,LiquidMesh,0.0000000000,0.0000000000,500.14286196035891408,-0.02857239207178281600,NORMAL
RKLB,RKLBon,ondo,0xb4d695569236273745b4cd54b539b1b9cc1513af,1000,True,postmarket,63.561429,63.561429,0,OK,,,,,LiquidMesh,LiquidMesh,0.0000000000,0.0000000000,1000.28572392071782816,-0.02857239207178281600,NORMAL
RKLB,RKLBon,ondo,0xb4d695569236273745b4cd54b539b1b9cc1513af,3000,True,postmarket,63.561429,63.561429,0,OK,,,,,LiquidMesh,LiquidMesh,0.0000000000,0.0000000000,3000.857171762153484544,-0.028572392071782818133333333333333333333333333333333,NORMAL
CRWV,CRWVon,ondo,0x76e39171cb665a35981e744e2ceb7012f76caeac,100,True,postmarket,84.237778,84.237778,0,OK,,,,,LiquidMesh,LiquidMesh,0.0000000000,-0.0000000000,99.874163128884831056,0.12583687111516894400,NORMAL
CRWV,CRWVon,ondo,0x76e39171cb665a35981e744e2ceb7012f76caeac,500,True,postmarket,84.237778,84.237778,0,OK,,,,,LiquidMesh,LiquidMesh,0.0000000000,0.0000000000,499.37081564442411264,0.12583687111517747200,NORMAL
CRWV,CRWVon,ondo,0x76e39171cb665a35981e744e2ceb7012f76caeac,1000,True,postmarket,84.237778,84.237778,0,OK,,,,,LiquidMesh,LiquidMesh,0.0000000000,0.0000000000,998.74163128884822528,0.12583687111517747200,NORMAL
CRWV,CRWVon,ondo,0x76e39171cb665a35981e744e2ceb7012f76caeac,3000,True,postmarket,84.237778,84.237778,0,OK,,,,,LiquidMesh,LiquidMesh,0.0000000000,0.0000000000,2997.646421511599783168,0.078452616280007227733333333333333333333333333333333,NORMAL
CRWV,CRWVB,bstock,0x33e7317e17838fee56b10fe8d0b9ca6ca3090c95,100,True,,84.20000000,84.2,0E-7,OK,,,,,LiquidMesh,LiquidMesh,-0.0000000000,0.0000000000,99.868925906199422112,0.13107409380057788800,NORMAL
CRWV,CRWVB,bstock,0x33e7317e17838fee56b10fe8d0b9ca6ca3090c95,500,True,,84.20000000,84.2,0E-7,OK,,,,,LiquidMesh,LiquidMesh,0.0000000000,-0.0000000000,499.38696888666635232,0.12260622266672953600,NORMAL
CRWV,CRWVB,bstock,0x33e7317e17838fee56b10fe8d0b9ca6ca3090c95,1000,True,,84.20000000,84.2,0E-7,OK,,,,,LiquidMesh,LiquidMesh,0.0000000000,0.0000000000,998.708636679958772224,0.129136332004122777600,NORMAL
CRWV,CRWVB,bstock,0x33e7317e17838fee56b10fe8d0b9ca6ca3090c95,3000,True,,84.20000000,84.2,0E-7,OK,,,,,LiquidMesh,LiquidMesh,-0.0000000000,-0.0000000000,2994.899928991882006784,0.17000236693726644053333333333333333333333333333333,NORMAL
NBIS,NBISon,ondo,0xee268780473e7a0e47bac41547c6e01512555a16,100,True,postmarket,214.8,214.8,0,OK,,,,,LiquidMesh,LiquidMesh,0.0000000000,0.0000000000,99.86377510138886748,0.1362248986111325200,NORMAL
NBIS,NBISon,ondo,0xee268780473e7a0e47bac41547c6e01512555a16,500,True,postmarket,214.8,214.8,0,OK,,,,,LiquidMesh,LiquidMesh,-0.0000000000,0.0000000000,499.573630035264216064,0.085273992947156787200,NORMAL
NBIS,NBISon,ondo,0xee268780473e7a0e47bac41547c6e01512555a16,1000,True,postmarket,214.8,214.8,0,OK,,,,,LiquidMesh,LiquidMesh,-0.0000000000,0.0000000000,999.147260070528432128,0.085273992947156787200,NORMAL
NBIS,NBISon,ondo,0xee268780473e7a0e47bac41547c6e01512555a16,3000,True,postmarket,214.8,214.8,0,OK,,,,,LiquidMesh,LiquidMesh,0.0000000000,0.0000000000,2999.250504969078065152,0.024983167697397828266666666666666666666666666666667,NORMAL
NBIS,NBISB,bstock,0xe256bc2a4f5297f8ba6f043f180a46300ecbcbb1,100,True,,214.53000000,214.53,0.000000,OK,,,,,LiquidMesh,LiquidMesh,-0.0000000000,-0.0000000000,99.892791694818654944,0.10720830518134505600,NORMAL
NBIS,NBISB,bstock,0xe256bc2a4f5297f8ba6f043f180a46300ecbcbb1,500,True,,214.53000000,214.53,0.000000,OK,,,,,LiquidMesh,LiquidMesh,-0.0000000000,0.0000000000,499.530582784986791008,0.093883443002641798400,NORMAL
NBIS,NBISB,bstock,0xe256bc2a4f5297f8ba6f043f180a46300ecbcbb1,1000,True,,214.53000000,214.53,0.000000,OK,,,,,LiquidMesh,LiquidMesh,0.0000000000,-0.0000000000,998.99754809502724128,0.10024519049727587200,NORMAL
NBIS,NBISB,bstock,0xe256bc2a4f5297f8ba6f043f180a46300ecbcbb1,3000,True,,214.53000000,214.53,0.000000,OK,,,,,LiquidMesh,LiquidMesh,0.0000000000,-0.0000000000,2997.055847417821951232,0.098138419405934958933333333333333333333333333333333,NORMAL
GLW,GLWB,bstock,0x740e075cbbea22a082b9d6679e65e82767875b6a,100,True,,144.73000000,144.5435,0.1290269019360953622957794712318437010311774656100,OK,,,,,LiquidMesh,LiquidMesh,-0.0000000000,0.0000000000,99.809705482809803808,0.19029451719019619200,NORMAL
GLW,GLWB,bstock,0x740e075cbbea22a082b9d6679e65e82767875b6a,500,True,,144.73000000,144.5435,0.1290269019360953622957794712318437010311774656100,OK,,,,,LiquidMesh,LiquidMesh,-0.0000000000,-0.0000000000,498.355700091076018176,0.328859981784796364800,NORMAL
GLW,GLWB,bstock,0x740e075cbbea22a082b9d6679e65e82767875b6a,1000,True,,144.73000000,144.5435,0.1290269019360953622957794712318437010311774656100,OK,,,,,LiquidMesh,LiquidMesh,0.0000000000,0.0000000000,998.552202787112833024,0.144779721288716697600,NORMAL
GLW,GLWB,bstock,0x740e075cbbea22a082b9d6679e65e82767875b6a,3000,True,,144.73000000,144.5435,0.1290269019360953622957794712318437010311774656100,OK,,,,,LiquidMesh,LiquidMesh,0.0000000000,0.0000000000,2995.856999276673832448,0.13810002411087225173333333333333333333333333333333,NORMAL
GLW,GLWon,ondo,0x25a4dbae9a0cd8c75656d6b50ffdf4900cc20d8f,100,True,postmarket,144.690178302873150913,144.496667,0.1339209456458611000349232968813045355572111569900,OK,,,,,LiquidMesh,LiquidMesh,0.0000000000,0.0000000000,99.852395914262999096,0.14760408573700090400,NORMAL
GLW,GLWon,ondo,0x25a4dbae9a0cd8c75656d6b50ffdf4900cc20d8f,500,True,postmarket,144.690178302873150913,144.496667,0.1339209456458611000349232968813045355572111569900,OK,,,,,LiquidMesh,LiquidMesh,0.0000000000,-0.0000000000,499.331186943032719232,0.133762611393456153600,NORMAL
GLW,GLWon,ondo,0x25a4dbae9a0cd8c75656d6b50ffdf4900cc20d8f,1000,True,postmarket,144.690178302873150913,144.496667,0.1339209456458611000349232968813045355572111569900,OK,,,,,LiquidMesh,LiquidMesh,0.0000000000,-0.0000000000,998.662373886065438464,0.133762611393456153600,NORMAL
GLW,GLWon,ondo,0x25a4dbae9a0cd8c75656d6b50ffdf4900cc20d8f,3000,True,postmarket,144.690178302873150913,144.496667,0.1339209456458611000349232968813045355572111569900,OK,,,,,LiquidMesh,LiquidMesh,0.0000000000,0.0000000000,2995.9871216581959744,0.1337626113934675200,NORMAL
SNDK,SNDKB,bstock,0x3ee4df61bd4f867e349beae8bfe07bc31b4850fb,100,True,,1529.25000000,1529.25,0.000000,OK,,,,,LiquidMesh,LiquidMesh,0.0023100114,0.0000000000,100.028852890832587105,-0.02885289083258710500,NORMAL
SNDK,SNDKB,bstock,0x3ee4df61bd4f867e349beae8bfe07bc31b4850fb,500,True,,1529.25000000,1529.25,0.000000,OK,,,,,LiquidMesh,LiquidMesh,0.0019766619,0.0000426999,499.984112865086786419,0.003177426982642716200,NORMAL
SNDK,SNDKB,bstock,0x3ee4df61bd4f867e349beae8bfe07bc31b4850fb,1000,True,,1529.25000000,1529.25,0.000000,OK,,,,,LiquidMesh,LiquidMesh,0.0012636380,0.0000653528,999.768619928538728875,0.023138007146127112500,NORMAL
SNDK,SNDKB,bstock,0x3ee4df61bd4f867e349beae8bfe07bc31b4850fb,3000,True,,1529.25000000,1529.25,0.000000,OK,,,,,LiquidMesh,LiquidMesh,0.0007553106,0.0000274751,2998.30486554476539194,0.05650448184115360200,NORMAL
SNDK,SNDKon,ondo,0x4fd67cb8cfedc718bac984b5936abe3330d0a2a4,100,True,postmarket,1525.1844,1525.1844,0,OK,,,,,LiquidMesh,LiquidMesh,0.0000000000,-0.0000000000,100.014164011333804184,-0.01416401133380418400,NORMAL
SNDK,SNDKon,ondo,0x4fd67cb8cfedc718bac984b5936abe3330d0a2a4,500,True,postmarket,1525.1844,1525.1844,0,OK,,,,,LiquidMesh,LiquidMesh,0.0000000000,-0.0000000000,500.070820056669049344,-0.014164011333809868800,NORMAL
SNDK,SNDKon,ondo,0x4fd67cb8cfedc718bac984b5936abe3330d0a2a4,1000,True,postmarket,1525.1844,1525.1844,0,OK,,,,,LiquidMesh,LiquidMesh,0.0000000000,-0.0000000000,1000.141640113338098688,-0.014164011333809868800,NORMAL
SNDK,SNDKon,ondo,0x4fd67cb8cfedc718bac984b5936abe3330d0a2a4,3000,True,postmarket,1525.1844,1525.1844,0,OK,,,,,LiquidMesh,LiquidMesh,0.0000000000,-0.0000000000,3000.424920340014523392,-0.014164011333817446400,NORMAL
BABA,BABAB,bstock,0x4ef9d3062c7f6eba4aae4990c5036598c6eff4ec,100,True,,107.37000000,107.37,0.000000,OK,,,,,LiquidMesh,LiquidMesh,-0.0000000000,0.0000000000,99.684024362834051656,0.31597563716594834400,NORMAL
BABA,BABAB,bstock,0x4ef9d3062c7f6eba4aae4990c5036598c6eff4ec,500,True,,107.37000000,107.37,0.000000,OK,,,,,LiquidMesh,LiquidMesh,0.0000000000,-0.0000000000,498.408660631497411936,0.318267873700517612800,NORMAL
BABA,BABAB,bstock,0x4ef9d3062c7f6eba4aae4990c5036598c6eff4ec,1000,True,,107.37000000,107.37,0.000000,OK,,,,,LiquidMesh,LiquidMesh,-0.0000000000,-0.0000000000,996.809804592293744448,0.319019540770625555200,NORMAL
BABA,BABAB,bstock,0x4ef9d3062c7f6eba4aae4990c5036598c6eff4ec,3000,True,,107.37000000,107.37,0.000000,OK,,,,,LiquidMesh,LiquidMesh,0.0000000000,-0.0000000000,2990.385150427183816704,0.320494985760539443200,NORMAL
BABA,BABAon,ondo,0xd5964f3fcee8d649995ab88f04b8982539c282d2,100,True,postmarket,108.131979271364518401,107.176667,0.8913435154356110001069542496595830881734734296200,OK,,,,,LiquidMesh,LiquidMesh,0.0000000000,0.0000000000,99.882672848207178616,0.11732715179282138400,NORMAL
BABA,BABAon,ondo,0xd5964f3fcee8d649995ab88f04b8982539c282d2,500,True,postmarket,108.131979271364518401,107.176667,0.8913435154356110001069542496595830881734734296200,OK,,,,,LiquidMesh,LiquidMesh,0.0000000000,-0.0000000000,499.413364241035935712,0.117327151792812857600,NORMAL
BABA,BABAon,ondo,0xd5964f3fcee8d649995ab88f04b8982539c282d2,1000,True,postmarket,108.131979271364518401,107.176667,0.8913435154356110001069542496595830881734734296200,OK,,,,,LiquidMesh,LiquidMesh,0.0000000000,-0.0000000000,998.826728482071871424,0.117327151792812857600,NORMAL
BABA,BABAon,ondo,0xd5964f3fcee8d649995ab88f04b8982539c282d2,3000,True,postmarket,108.131979271364518401,107.176667,0.8913435154356110001069542496595830881734734296200,OK,,,,,LiquidMesh,LiquidMesh,0.0000000000,-0.0000000000,2996.480185446215273216,0.11732715179282422613333333333333333333333333333333,NORMAL
QQQ,QQQB,bstock,0x205812cdbed920aff76c6580abd681a46d11efc7,100,True,,705.87000000,705.87,0.000000,OK,,,,,LiquidMesh,LiquidMesh,0.0000000000,0.0003950671,99.993677569108686889,0.00632243089131311100,NORMAL
QQQ,QQQB,bstock,0x205812cdbed920aff76c6580abd681a46d11efc7,500,True,,705.87000000,705.87,0.000000,OK,,,,,LiquidMesh,LiquidMesh,-0.0000000000,0.0003960980,499.971148571613617997,0.005770285677276400600,NORMAL
QQQ,QQQB,bstock,0x205812cdbed920aff76c6580abd681a46d11efc7,1000,True,,705.87000000,705.87,0.000000,OK,,,,,LiquidMesh,LiquidMesh,0.0000000000,0.0003883723,999.949961077507787655,0.005003892249221234500,NORMAL
QQQ,QQQB,bstock,0x205812cdbed920aff76c6580abd681a46d11efc7,3000,True,,705.87000000,705.87,0.000000,OK,,,,,LiquidMesh,LiquidMesh,-0.0000525415,0.0003935598,2999.768336526482907165,0.007722115783903094500,NORMAL
QQQ,QQQon,ondo,0x0cde6936d305d5b34667fc46425e852efd73559a,100,True,postmarket,707.378254607959521116,705.014444,0.3352854155083837000082795466811740952076153492300,OK,,,,,LiquidMesh,LiquidMesh,0.0000000000,0.0000000000,100.052922077495651368,-0.05292207749565136800,NORMAL
QQQ,QQQon,ondo,0x0cde6936d305d5b34667fc46425e852efd73559a,500,True,postmarket,707.378254607959521116,705.014444,0.3352854155083837000082795466811740952076153492300,OK,,,,,LiquidMesh,LiquidMesh,0.0000000000,0.0000000000,500.264610387478171552,-0.052922077495634310400,NORMAL
QQQ,QQQon,ondo,0x0cde6936d305d5b34667fc46425e852efd73559a,1000,True,postmarket,707.378254607959521116,705.014444,0.3352854155083837000082795466811740952076153492300,OK,,,,,LiquidMesh,LiquidMesh,0.0000000000,0.0000000000,1000.529220774956343104,-0.052922077495634310400,NORMAL
QQQ,QQQon,ondo,0x0cde6936d305d5b34667fc46425e852efd73559a,3000,True,postmarket,707.378254607959521116,705.014444,0.3352854155083837000082795466811740952076153492300,OK,,,,,LiquidMesh,LiquidMesh,0.0000000000,0.0000000000,3001.587662324869597696,-0.052922077495653256533333333333333333333333333333333,NORMAL
SKHY,SKHYB,bstock,0xca750ef65f295bbecd685abf54e82caf297bdb61,100,True,,176.30000000,176.3,0E-7,OK,,,,,LiquidMesh,LiquidMesh,0.0000000000,0.0000000000,99.98208423824966928,0.0179157617503307200,NORMAL
SKHY,SKHYB,bstock,0xca750ef65f295bbecd685abf54e82caf297bdb61,500,True,,176.30000000,176.3,0E-7,OK,,,,,LiquidMesh,LiquidMesh,-0.0000000000,-0.0000000000,499.908322624212587456,0.018335475157482508800,NORMAL
SKHY,SKHYB,bstock,0xca750ef65f295bbecd685abf54e82caf297bdb61,1000,True,,176.30000000,176.3,0E-7,OK,,,,,LiquidMesh,LiquidMesh,-0.0000000000,0.0000600401,999.634164002583867581,0.036583599741613241900,NORMAL
SKHY,SKHYB,bstock,0xca750ef65f295bbecd685abf54e82caf297bdb61,3000,True,,176.30000000,176.3,0E-7,OK,,,,,LiquidMesh,LiquidMesh,0.0000000000,0.0000000000,2999.706963236262254336,0.0097678921245915221333333333333333333333333333333333,NORMAL
SKHY,SKHYon,ondo,0x4268f2bfb23a7496504aa5ed1ee325248586299f,100,True,postmarket,176.1,176.1,0,OK,,,,,LiquidMesh,LiquidMesh,-0.0000000000,-0.0000000000,99.870160808548575912,0.12983919145142408800,NORMAL
SKHY,SKHYon,ondo,0x4268f2bfb23a7496504aa5ed1ee325248586299f,500,True,postmarket,176.1,176.1,0,OK,,,,,LiquidMesh,LiquidMesh,-0.0000000000,-0.0000000000,499.605574861132140544,0.078885027773571891200,NORMAL
SKHY,SKHYon,ondo,0x4268f2bfb23a7496504aa5ed1ee325248586299f,1000,True,postmarket,176.1,176.1,0,OK,,,,,LiquidMesh,LiquidMesh,-0.0000000000,-0.0000000000,998.701608085485759168,0.129839191451424083200,NORMAL
SKHY,SKHYon,ondo,0x4268f2bfb23a7496504aa5ed1ee325248586299f,3000,True,postmarket,176.1,176.1,0,OK,,,,,LiquidMesh,LiquidMesh,0.0000000000,-0.0000000000,2998.142990803570683136,0.061900306547643895466666666666666666666666666666667,NORMAL
TSM,TSMB,bstock,0xab78b89b5bb00236be0b4b20704cbfa04efc711c,100,True,,418.32000000,417.43901,0.2110463993290900148503131032243488695510273464900,OK,,,,,LiquidMesh,LiquidMesh,-0.0000000000,-0.0000000000,99.94718479422969892,0.0528152057703010800,NORMAL
TSM,TSMB,bstock,0xab78b89b5bb00236be0b4b20704cbfa04efc711c,500,True,,418.32000000,417.43901,0.2110463993290900148503131032243488695510273464900,OK,,,,,LiquidMesh,LiquidMesh,0.0000000000,-0.0000000000,499.733177712618896736,0.053364457476220652800,NORMAL
TSM,TSMB,bstock,0xab78b89b5bb00236be0b4b20704cbfa04efc711c,1000,True,,418.32000000,417.43901,0.2110463993290900148503131032243488695510273464900,OK,,,,,LiquidMesh,LiquidMesh,0.0000000000,0.0000000000,999.465665481837049792,0.053433451816295020800,NORMAL
TSM,TSMB,bstock,0xab78b89b5bb00236be0b4b20704cbfa04efc711c,3000,True,,418.32000000,417.43901,0.2110463993290900148503131032243488695510273464900,OK,,,,,LiquidMesh,LiquidMesh,0.0000000000,-0.0000000000,2998.398543759143194624,0.053381874695226845866666666666666666666666666666667,NORMAL
TSM,TSMon,ondo,0xc37042a7a4fa510d8884a433762ab87257b91965,100,True,postmarket,421.865792376341289332,417.97,0.9320746408453451998947292867909180084695073809100,OK,,,,,LiquidMesh,LiquidMesh,0.0000000000,0.0000000000,99.942719986796788592,0.05728001320321140800,NORMAL
TSM,TSMon,ondo,0xc37042a7a4fa510d8884a433762ab87257b91965,500,True,postmarket,421.865792376341289332,417.97,0.9320746408453451998947292867909180084695073809100,OK,,,,,LiquidMesh,LiquidMesh,0.0000000000,0.0000000000,499.713599933983914528,0.057280013203217094400,NORMAL
TSM,TSMon,ondo,0xc37042a7a4fa510d8884a433762ab87257b91965,1000,True,postmarket,421.865792376341289332,417.97,0.9320746408453451998947292867909180084695073809100,OK,,,,,LiquidMesh,LiquidMesh,0.0000000000,0.0000000000,999.427199867967829056,0.057280013203217094400,NORMAL
TSM,TSMon,ondo,0xc37042a7a4fa510d8884a433762ab87257b91965,3000,True,postmarket,421.865792376341289332,417.97,0.9320746408453451998947292867909180084695073809100,OK,,,,,LiquidMesh,LiquidMesh,-0.0000000000,0.0000000000,2998.281599603903941888,0.057280013203201937066666666666666666666666666666667,NORMAL
FSOL,FSOLon,ondo,0x54b92fd77229269ff6484942c123cca72f2d6fec,100,True,postmarket,11.788181267511828806,11.588048,1.7270662626857327998641358751706931141465758512600,OK,,,,,LiquidMesh,LiquidMesh,0.0000000000,0.0000000000,99.422194014673479504,0.57780598532652049600,HIGH_ROUNDTRIP_COST
FSOL,FSOLon,ondo,0x54b92fd77229269ff6484942c123cca72f2d6fec,500,True,postmarket,11.788181267511828806,11.588048,1.7270662626857327998641358751706931141465758512600,OK,,,,,LiquidMesh,LiquidMesh,0.0000000000,0.0000000000,497.110970073367411712,0.577805985326517657600,HIGH_ROUNDTRIP_COST
FSOL,FSOLon,ondo,0x54b92fd77229269ff6484942c123cca72f2d6fec,1000,True,postmarket,11.788181267511828806,11.588048,1.7270662626857327998641358751706931141465758512600,OK,,,,,LiquidMesh,LiquidMesh,0.0000000000,0.0000000000,994.221940146734823424,0.577805985326517657600,HIGH_ROUNDTRIP_COST
FSOL,FSOLon,ondo,0x54b92fd77229269ff6484942c123cca72f2d6fec,3000,True,postmarket,11.788181267511828806,11.588048,1.7270662626857327998641358751706931141465758512600,OK,,,,,LiquidMesh,LiquidMesh,0.0000000000,-0.0000000000,2982.6658204402046976,0.5778059853265100800,HIGH_ROUNDTRIP_COST
AOSL,AOSLon,ondo,0x55b8cc618c4209a97250dff926d3d708814d36aa,100,False,postmarket,24.65,24.65,0,NO_BUY_ROUTE,40367,Token  is currently in a non-trading session. Expected to open in 0d 16h 15m.,,,,,,,,,NO_ENTRY_ROUTE|UNDERLYING_MARKET_CLOSED
AOSL,AOSLon,ondo,0x55b8cc618c4209a97250dff926d3d708814d36aa,500,False,postmarket,24.65,24.65,0,NO_BUY_ROUTE,40367,Token  is currently in a non-trading session. Expected to open in 0d 16h 15m.,,,,,,,,,NO_ENTRY_ROUTE|UNDERLYING_MARKET_CLOSED
AOSL,AOSLon,ondo,0x55b8cc618c4209a97250dff926d3d708814d36aa,1000,False,postmarket,24.65,24.65,0,NO_BUY_ROUTE,40367,Token  is currently in a non-trading session. Expected to open in 0d 16h 15m.,,,,,,,,,NO_ENTRY_ROUTE|UNDERLYING_MARKET_CLOSED
AOSL,AOSLon,ondo,0x55b8cc618c4209a97250dff926d3d708814d36aa,3000,False,postmarket,24.65,24.65,0,NO_BUY_ROUTE,40367,Token  is currently in a non-trading session. Expected to open in 0d 16h 15m.,,,,,,,,,NO_ENTRY_ROUTE|UNDERLYING_MARKET_CLOSED
REMX,REMXon,ondo,0xc16f47c4a7ed39372b9a0e3e2016cede9b4cb83a,100,False,postmarket,67.603333,67.603333,0,NO_BUY_ROUTE,40367,Token REMXon is currently in a non-trading session. Expected to open in 0d 16h 15m.,,,,,,,,,NO_ENTRY_ROUTE|UNDERLYING_MARKET_CLOSED
REMX,REMXon,ondo,0xc16f47c4a7ed39372b9a0e3e2016cede9b4cb83a,500,False,postmarket,67.603333,67.603333,0,NO_BUY_ROUTE,40367,Token  is currently in a non-trading session. Expected to open in 0d 16h 15m.,,,,,,,,,NO_ENTRY_ROUTE|UNDERLYING_MARKET_CLOSED
REMX,REMXon,ondo,0xc16f47c4a7ed39372b9a0e3e2016cede9b4cb83a,1000,False,postmarket,67.603333,67.603333,0,NO_BUY_ROUTE,40367,Token  is currently in a non-trading session. Expected to open in 0d 16h 15m.,,,,,,,,,NO_ENTRY_ROUTE|UNDERLYING_MARKET_CLOSED
REMX,REMXon,ondo,0xc16f47c4a7ed39372b9a0e3e2016cede9b4cb83a,3000,False,postmarket,67.603333,67.603333,0,NO_BUY_ROUTE,40367,Token  is currently in a non-trading session. Expected to open in 0d 16h 15m.,,,,,,,,,NO_ENTRY_ROUTE|UNDERLYING_MARKET_CLOSED
ACHR,ACHRon,ondo,0x91c62325f901ee29da8e521cfe68980332a4ca06,100,True,postmarket,5.236145,5.236145,0,OK,,,,,LiquidMesh,LiquidMesh,0.0000000000,0.0000000000,99.868698683279475856,0.13130131672052414400,NORMAL
ACHR,ACHRon,ondo,0x91c62325f901ee29da8e521cfe68980332a4ca06,500,True,postmarket,5.236145,5.236145,0,OK,,,,,LiquidMesh,LiquidMesh,-0.0000000000,-0.0000000000,499.343493416397450336,0.131301316720509932800,NORMAL
ACHR,ACHRon,ondo,0x91c62325f901ee29da8e521cfe68980332a4ca06,1000,True,postmarket,5.236145,5.236145,0,OK,,,,,LiquidMesh,LiquidMesh,-0.0000000000,-0.0000000000,998.686986832794900672,0.131301316720509932800,NORMAL
ACHR,ACHRon,ondo,0x91c62325f901ee29da8e521cfe68980332a4ca06,3000,True,postmarket,5.236145,5.236145,0,OK,,,,,LiquidMesh,LiquidMesh,0.0000000000,-0.0000000000,2996.060960498384701952,0.13130131672050993493333333333333333333333333333333,NORMAL
CLF,CLFon,ondo,0xac38a6608868e2f487d7993ea7339c69e5ab077b,100,True,postmarket,12.17,12.17,0,OK,,,,,LiquidMesh,LiquidMesh,-0.0000000000,-0.0000000000,99.321870355428544032,0.67812964457145596800,HIGH_ROUNDTRIP_COST
CLF,CLFon,ondo,0xac38a6608868e2f487d7993ea7339c69e5ab077b,500,True,postmarket,12.17,12.17,0,OK,,,,,LiquidMesh,LiquidMesh,-0.0000000000,-0.0000000000,496.609351777142762784,0.678129644571447443200,HIGH_ROUNDTRIP_COST
CLF,CLFon,ondo,0xac38a6608868e2f487d7993ea7339c69e5ab077b,1000,True,postmarket,12.17,12.17,0,OK,,,,,LiquidMesh,LiquidMesh,-0.0000000000,-0.0000000000,993.218703554285525568,0.678129644571447443200,HIGH_ROUNDTRIP_COST
CLF,CLFon,ondo,0xac38a6608868e2f487d7993ea7339c69e5ab077b,3000,True,postmarket,12.17,12.17,0,OK,,,,,LiquidMesh,LiquidMesh,-0.0000000000,-0.0000000000,2979.656110662856463104,0.67812964457145122986666666666666666666666666666667,HIGH_ROUNDTRIP_COST
ITA,ITAon,ondo,0x88b90f45bd6a4f97f7d85d280ed64a40880e4935,100,True,postmarket,215.501644836202529405,215.123548,0.1757579956809420998392979275332517293736713565200,OK,,,,,LiquidMesh,LiquidMesh,0.0000000000,-0.0000000000,98.615691076676370128,1.38430892332362987200,HIGH_ROUNDTRIP_COST
ITA,ITAon,ondo,0x88b90f45bd6a4f97f7d85d280ed64a40880e4935,500,True,postmarket,215.501644836202529405,215.123548,0.1757579956809420998392979275332517293736713565200,OK,,,,,LiquidMesh,LiquidMesh,0.0000000000,-0.0000000000,493.07845538338182224,1.38430892332363555200,HIGH_ROUNDTRIP_COST
ITA,ITAon,ondo,0x88b90f45bd6a4f97f7d85d280ed64a40880e4935,1000,True,postmarket,215.501644836202529405,215.123548,0.1757579956809420998392979275332517293736713565200,OK,,,,,LiquidMesh,LiquidMesh,0.0000000000,-0.0000000000,986.15691076676364448,1.38430892332363555200,HIGH_ROUNDTRIP_COST
ITA,ITAon,ondo,0x88b90f45bd6a4f97f7d85d280ed64a40880e4935,3000,True,postmarket,215.501644836202529405,215.123548,0.1757579956809420998392979275332517293736713565200,OK,,,,,LiquidMesh,LiquidMesh,-0.0000000000,0.0000000000,2960.838458249527775488,1.3053847250157408170666666666666666666666666666667,HIGH_ROUNDTRIP_COST
SHY,SHYon,ondo,0xf95e50be5efc96117c28775f80c7cdb41ebc4888,100,True,postmarket,82.38033689246769093,81.220114,1.4284920758270432001609847531117722883274948370500,OK,,,,,LiquidMesh,LiquidMesh,0.0000000000,-0.0000000000,100.090804479050476064,-0.09080447905047606400,NORMAL
SHY,SHYon,ondo,0xf95e50be5efc96117c28775f80c7cdb41ebc4888,500,True,postmarket,82.38033689246769093,81.220114,1.4284920758270432001609847531117722883274948370500,OK,,,,,LiquidMesh,LiquidMesh,0.0000000000,-0.0000000000,500.454022395252309248,-0.090804479050461849600,NORMAL
SHY,SHYon,ondo,0xf95e50be5efc96117c28775f80c7cdb41ebc4888,1000,True,postmarket,82.38033689246769093,81.220114,1.4284920758270432001609847531117722883274948370500,OK,,,,,LiquidMesh,LiquidMesh,0.0000000000,-0.0000000000,1000.908044790504618496,-0.090804479050461849600,NORMAL
SHY,SHYon,ondo,0xf95e50be5efc96117c28775f80c7cdb41ebc4888,3000,True,postmarket,82.38033689246769093,81.220114,1.4284920758270432001609847531117722883274948370500,OK,,,,,LiquidMesh,LiquidMesh,0.0000000000,-0.0000000000,3002.724134371514082816,-0.090804479050469427200,NORMAL
TEL,TELon,ondo,0x5c50ffd365c852f5e72bfbc2c1ae621e2aca5ece,100,True,postmarket,203.780365195534856141,203,0.384416352480224700,OK,,,,,LiquidMesh,LiquidMesh,-0.0000000000,-0.0000000000,96.485350045000657816,3.51464995499934218400,HIGH_ROUNDTRIP_COST
TEL,TELon,ondo,0x5c50ffd365c852f5e72bfbc2c1ae621e2aca5ece,500,True,postmarket,203.780365195534856141,203,0.384416352480224700,OK,,,,,LiquidMesh,LiquidMesh,-0.0000000000,-0.0000000000,482.426750225003274848,3.514649954999345030400,HIGH_ROUNDTRIP_COST
TEL,TELon,ondo,0x5c50ffd365c852f5e72bfbc2c1ae621e2aca5ece,1000,True,postmarket,203.780365195534856141,203,0.384416352480224700,OK,,,,,LiquidMesh,LiquidMesh,-0.0000000000,-0.0000000000,964.853500450006549696,3.514649954999345030400,HIGH_ROUNDTRIP_COST
TEL,TELon,ondo,0x5c50ffd365c852f5e72bfbc2c1ae621e2aca5ece,3000,True,postmarket,203.780365195534856141,203,0.384416352480224700,OK,,,,,LiquidMesh,LiquidMesh,-0.0000000000,0.0000000000,2894.560501350019421696,3.5146499549993526101333333333333333333333333333333,HIGH_ROUNDTRIP_COST
SNOW,SNOWon,ondo,0x138ed6833ff4e8811e1fea0d005e13726c8886f9,100,True,postmarket,331.525,331.525,0,OK,,,,,LiquidMesh,LiquidMesh,0.0000000000,0.0000000000,99.853552691184091824,0.14644730881590817600,NORMAL
SNOW,SNOWon,ondo,0x138ed6833ff4e8811e1fea0d005e13726c8886f9,500,True,postmarket,331.525,331.525,0,OK,,,,,LiquidMesh,LiquidMesh,-0.0000000000,0.0000000000,499.267763455920544416,0.146447308815891116800,NORMAL
SNOW,SNOWon,ondo,0x138ed6833ff4e8811e1fea0d005e13726c8886f9,1000,True,postmarket,331.525,331.525,0,OK,,,,,LiquidMesh,LiquidMesh,-0.0000000000,0.0000000000,998.535526911841088832,0.146447308815891116800,NORMAL
SNOW,SNOWon,ondo,0x138ed6833ff4e8811e1fea0d005e13726c8886f9,3000,True,postmarket,331.525,331.525,0,OK,,,,,LiquidMesh,LiquidMesh,-0.0000000000,-0.0000000000,2995.606580735523493888,0.14644730881588353706666666666666666666666666666667,NORMAL
VZ,VZon,ondo,0xa3b089c886e6d721f49def8e050f3b9d4362560b,100,True,postmarket,51.629695035468828472,49.893333,3.4801484107482425998680024042490807338928429576000,OK,,,,,LiquidMesh,LiquidMesh,-0.0000000000,-0.0000000000,99.87942108508741512,0.1205789149125848800,LARGE_REFERENCE_DIVERGENCE
VZ,VZon,ondo,0xa3b089c886e6d721f49def8e050f3b9d4362560b,500,True,postmarket,51.629695035468828472,49.893333,3.4801484107482425998680024042490807338928429576000,OK,,,,,LiquidMesh,LiquidMesh,-0.0000000000,0.0000000000,499.397105425437075616,0.120578914912584876800,LARGE_REFERENCE_DIVERGENCE
VZ,VZon,ondo,0xa3b089c886e6d721f49def8e050f3b9d4362560b,1000,True,postmarket,51.629695035468828472,49.893333,3.4801484107482425998680024042490807338928429576000,OK,,,,,LiquidMesh,LiquidMesh,-0.0000000000,0.0000000000,998.794210850874151232,0.120578914912584876800,LARGE_REFERENCE_DIVERGENCE
VZ,VZon,ondo,0xa3b089c886e6d721f49def8e050f3b9d4362560b,3000,True,postmarket,51.629695035468828472,49.893333,3.4801484107482425998680024042490807338928429576000,OK,,,,,LiquidMesh,LiquidMesh,-0.0000000000,0.0000000000,2996.38263255262245376,0.12057891491258487466666666666666666666666666666667,LARGE_REFERENCE_DIVERGENCE
LLY,LLYon,ondo,0x341d31b2be1fee9c00e395a62ba41837f4322eed,100,True,postmarket,1141.509370387280623661,1136.5,0.4407717014765177000439947206335239771227452705700,OK,,,,,LiquidMesh,LiquidMesh,0.0000000000,-0.0000000000,100.052024187811809952,-0.05202418781180995200,NORMAL
LLY,LLYon,ondo,0x341d31b2be1fee9c00e395a62ba41837f4322eed,500,True,postmarket,1141.509370387280623661,1136.5,0.4407717014765177000439947206335239771227452705700,OK,,,,,LiquidMesh,LiquidMesh,0.0000000000,0.0000000000,500.260120939058992928,-0.052024187811798585600,NORMAL
LLY,LLYon,ondo,0x341d31b2be1fee9c00e395a62ba41837f4322eed,1000,True,postmarket,1141.509370387280623661,1136.5,0.4407717014765177000439947206335239771227452705700,OK,,,,,LiquidMesh,LiquidMesh,0.0000000000,0.0000000000,1000.520241878117985856,-0.052024187811798585600,NORMAL
LLY,LLYon,ondo,0x341d31b2be1fee9c00e395a62ba41837f4322eed,3000,True,postmarket,1141.509370387280623661,1136.5,0.4407717014765177000439947206335239771227452705700,OK,,,,,LiquidMesh,LiquidMesh,0.0000000000,-0.0000000000,3001.56072563435418496,-0.052024187811806165333333333333333333333333333333333,NORMAL
